ID service,Service additionnel
1,Petit déjeuner
2,Piscine chauffée
3,Salle de sport
4,Piscine chauffée
5,Piscine chauffée
6,Wi-Fi gratuit
7,Piscine chauffée
8,Salle de sport
9,Spa
10,Spa
11,Guide touristique
12,Guide touristique
13,Petit déjeuner
14,Piscine chauffée
15,Guide touristique
16,Piscine chauffée
17,Wi-Fi gratuit
18,Spa
19,Wi-Fi gratuit
20,Guide touristique
21,Salle de sport
22,Petit déjeuner
23,Excursions
24,Piscine chauffée
25,Piscine chauffée
26,Petit déjeuner
27,Salle de sport
28,Spa
29,Wi-Fi gratuit
30,Navette aéroport
31,Guide touristique
32,Petit déjeuner
33,Location de voiture
34,Petit déjeuner
35,Location de voiture
36,Location de voiture
37,Parking
38,Spa
39,Wi-Fi gratuit
40,Wi-Fi gratuit
41,Salle de sport
42,Parking
43,Salle de sport
44,Location de voiture
45,Spa
46,Location de voiture
47,Location de voiture
48,Wi-Fi gratuit
49,Piscine chauffée
50,Piscine chauffée
51,Piscine chauffée
52,Parking
53,Location de voiture
54,Salle de sport
55,Petit déjeuner
56,Parking
57,Spa
58,Spa
59,Wi-Fi gratuit
60,Spa
61,Wi-Fi gratuit
62,Piscine chauffée
63,Excursions
64,Piscine chauffée
65,Excursions
66,Navette aéroport
67,Excursions
68,Parking
69,Spa
70,Excursions
71,Wi-Fi gratuit
72,Petit déjeuner
73,Petit déjeuner
74,Petit déjeuner
75,Salle de sport
76,Piscine chauffée
77,Parking
78,Guide touristique
79,Salle de sport
80,Navette aéroport
81,Location de voiture
82,Excursions
83,Parking
84,Excursions
85,Wi-Fi gratuit
86,Spa
87,Spa
88,Spa
89,Spa
90,Guide touristique
91,Guide touristique
92,Excursions
93,Navette aéroport
94,Wi-Fi gratuit
95,Guide touristique
96,Navette aéroport
97,Petit déjeuner
98,Petit déjeuner
99,Spa
100,Guide touristique
101,Spa
102,Salle de sport
103,Spa
104,Petit déjeuner
105,Navette aéroport
106,Wi-Fi gratuit
107,Guide touristique
108,Spa
109,Parking
110,Excursions
111,Navette aéroport
112,Parking
113,Spa
114,Wi-Fi gratuit
115,Petit déjeuner
116,Location de voiture
117,Guide touristique
118,Salle de sport
119,Spa
120,Salle de sport
121,Guide touristique
122,Spa
123,Spa
124,Parking
125,Parking
126,Petit déjeuner
127,Spa
128,Parking
129,Navette aéroport
130,Parking
131,Parking
132,Petit déjeuner
133,Parking
134,Wi-Fi gratuit
135,Excursions
136,Parking
137,Salle de sport
138,Parking
139,Guide touristique
140,Guide touristique
141,Excursions
142,Excursions
143,Parking
144,Location de voiture
145,Piscine chauffée
146,Salle de sport
147,Guide touristique
148,Petit déjeuner
149,Salle de sport
150,Parking
151,Spa
152,Location de voiture
153,Parking
154,Location de voiture
155,Location de voiture
156,Navette aéroport
157,Spa
158,Petit déjeuner
159,Parking
160,Salle de sport
161,Wi-Fi gratuit
162,Guide touristique
163,Excursions
164,Navette aéroport
165,Spa
166,Spa
167,Guide touristique
168,Wi-Fi gratuit
169,Guide touristique
170,Piscine chauffée
171,Piscine chauffée
172,Piscine chauffée
173,Wi-Fi gratuit
174,Location de voiture
175,Guide touristique
176,Parking
177,Excursions
178,Navette aéroport
179,Navette aéroport
180,Salle de sport
181,Location de voiture
182,Location de voiture
183,Petit déjeuner
184,Salle de sport
185,Navette aéroport
186,Parking
187,Location de voiture
188,Salle de sport
189,Salle de sport
190,Excursions
191,Salle de sport
192,Salle de sport
193,Navette aéroport
194,Guide touristique
195,Piscine chauffée
196,Petit déjeuner
197,Location de voiture
198,Location de voiture
199,Wi-Fi gratuit
200,Salle de sport
201,Piscine chauffée
202,Excursions
203,Navette aéroport
204,Excursions
205,Petit déjeuner
206,Guide touristique
207,Piscine chauffée
208,Petit déjeuner
209,Piscine chauffée
210,Petit déjeuner
211,Excursions
212,Spa
213,Piscine chauffée
214,Wi-Fi gratuit
215,Navette aéroport
216,Navette aéroport
217,Excursions
218,Location de voiture
219,Petit déjeuner
220,Navette aéroport
221,Wi-Fi gratuit
222,Petit déjeuner
223,Parking
224,Salle de sport
225,Location de voiture
226,Navette aéroport
227,Spa
228,Piscine chauffée
229,Wi-Fi gratuit
230,Salle de sport
231,Parking
232,Excursions
233,Wi-Fi gratuit
234,Guide touristique
235,Salle de sport
236,Navette aéroport
237,Location de voiture
238,Petit déjeuner
239,Guide touristique
240,Guide touristique
241,Salle de sport
242,Guide touristique
243,Petit déjeuner
244,Location de voiture
245,Excursions
246,Navette aéroport
247,Piscine chauffée
248,Location de voiture
249,Petit déjeuner
250,Guide touristique
251,Excursions
252,Wi-Fi gratuit
253,Piscine chauffée
254,Location de voiture
255,Excursions
256,Excursions
257,Excursions
258,Spa
259,Petit déjeuner
260,Spa
261,Spa
262,Salle de sport
263,Spa
264,Piscine chauffée
265,Navette aéroport
266,Location de voiture
267,Spa
268,Spa
269,Navette aéroport
270,Excursions
271,Salle de sport
272,Salle de sport
273,Parking
274,Salle de sport
275,Guide touristique
276,Location de voiture
277,Piscine chauffée
278,Salle de sport
279,Parking
280,Wi-Fi gratuit
281,Spa
282,Petit déjeuner
283,Guide touristique
284,Parking
285,Wi-Fi gratuit
286,Wi-Fi gratuit
287,Piscine chauffée
288,Spa
289,Parking
290,Location de voiture
291,Location de voiture
292,Wi-Fi gratuit
293,Navette aéroport
294,Guide touristique
295,Piscine chauffée
296,Salle de sport
297,Parking
298,Navette aéroport
299,Guide touristique
300,Parking
